@@Main,,,,,,,,,,,,,,,,,,,,,,,,,,
ReportingNode,Year,Month,,,,,,,,,,,,,,,,,,,,,,,,
CH,2021,3,,,,,,,,,,,,,,,,,,,,,,,,
@@Cashflow,,,,,,,,,,,,,,,,,,,,,,,,,,
DataNode,AmountType,EstimateType,AocType,Novelty,AccidentYear,Values0,Values1,Values2,Values3,Values4,Values5,Values6,Values7,Values8,Values9,Values10,Values11,Values12,Values13,Values14,Values15,Values16,Values17,Values18,Values19,Values20
DT1.1,PR,BE,MC,I,,0,110,0,0,110,0,0,110,0,0,110,0,0,0,0,0,0,0,0,0,0
DT1.1,NIC,BE,MC,I,,-20,-20,-20,-20,-20,-20,-20,-20,-20,-20,-20,-20,0,0,0,0,0,0,0,0,0
DT1.1,,CU,MC,I,,-10,-5,-5,-5,-5,-5,-5,-5,-5,-5,-5,-3,0,0,0,0,0,0,0,0,0
DT1.1,,RA,MC,I,,-2,-2,-2,-2,-2,-2,-2,-2,-2,-2,-2,-2,0,0,0,0,0,0,0,0,0
DT1.1,PR,BE,BOP,N,,0,10,0,0,10,0,0,10,0,0,10,0,0,0,0,0,0,0,0,0,0
DT1.1,ICO,BE,BOP,N,,-1,-1,-1,-1,-1,-1,-1,-1,-1,-1,-1,-1,0,0,0,0,0,0,0,0,0
DT1.1,NIC,BE,BOP,N,,-4,-4,-4,-4,-4,-4,-4,-4,-4,-4,-4,-4,0,0,0,0,0,0,0,0,0
DT1.1,,RA,BOP,N,,-1,-1,-1,-1,-1,-1,-1,-1,-1,-1,-1,-1,0,0,0,0,0,0,0,0,0
DT1.1,PR,BE,EV,N,,0,5,0,0,5,0,0,5,0,0,5,0,0,0,0,0,0,0,0,0,0
DT1.1,ICO,BE,EV,N,,-1,-1,-1,-1,-1,-1,-1,-1,-1,-1,-1,-1,0,0,0,0,0,0,0,0,0
DT1.1,NIC,BE,EV,N,,-9,-9,-9,-9,-9,-9,-9,-9,-9,-9,-9,-9,0,0,0,0,0,0,0,0,0
DT1.1,,RA,EV,N,,-0.5,-0.5,-0.5,-0.5,-0.5,-0.5,-0.5,-0.5,-0.5,-0.5,-0.5,-0.5,0,0,0,0,0,0,0,0,0
DT1.1,PR,BE,CL,C,,0,115,0,0,115,0,0,115,0,0,115,0,0,0,0,0,0,0,0,0,0
DT1.1,ICO,BE,CL,C,,-1,-1,-1,-1,-1,-1,-1,-1,-1,-1,-1,-1,0,0,0,0,0,0,0,0,0
DT1.1,NIC,BE,CL,C,,-29,-29,-29,-29,-29,-29,-29,-29,-29,-29,-29,-29,0,0,0,0,0,0,0,0,0
DT1.1,,CU,CL,C,,-15,-7,-7,-7,-7,-7,-7,-7,-7,-7,-7,-5,0,0,0,0,0,0,0,0,0
DT1.1,,RA,CL,C,,-2.5,-2.5,-2.5,-2.5,-2.5,-2.5,-2.5,-2.5,-2.5,-2.5,-2.5,-2.5,0,0,0,0,0,0,0,0,0
DT1.2,NIC,BE,MC,I,2020,-20,-20,-20,-20,-20,-20,-20,-20,-20,-20,-20,-20,0,0,0,0,0,0,0,0,0
DT1.2,,CU,MC,I,2020,-10,-5,-5,-5,-5,-5,-5,-5,-5,-5,-5,-3,0,0,0,0,0,0,0,0,0
DT1.2,,RA,MC,I,2020,-2,-2,-2,-2,-2,-2,-2,-2,-2,-2,-2,-2,0,0,0,0,0,0,0,0,0
DT1.2,NIC,BE,BOP,N,2020,-5,-5,-5,-5,-5,-5,-5,-5,-5,-5,-5,-5,0,0,0,0,0,0,0,0,0
DT1.2,,RA,BOP,N,2020,-1,-1,-1,-1,-1,-1,-1,-1,-1,-1,-1,-1,0,0,0,0,0,0,0,0,0
DT1.2,NIC,BE,EV,N,2020,-10,-10,-10,-10,-10,-10,-10,-10,-10,-10,-10,-10,0,0,0,0,0,0,0,0,0
DT1.2,,RA,EV,N,2020,-0.5,-0.5,-0.5,-0.5,-0.5,-0.5,-0.5,-0.5,-0.5,-0.5,-0.5,-0.5,0,0,0,0,0,0,0,0,0
DT1.2,NIC,BE,CL,C,2020,-30,-30,-30,-30,-30,-30,-30,-30,-30,-30,-30,-30,0,0,0,0,0,0,0,0,0
DT1.2,,CU,CL,C,2020,-15,-7,-7,-7,-7,-7,-7,-7,-7,-7,-7,-5,0,0,0,0,0,0,0,0,0
DT1.2,,RA,CL,C,2020,-2.5,-2.5,-2.5,-2.5,-2.5,-2.5,-2.5,-2.5,-2.5,-2.5,-2.5,-2.5,0,0,0,0,0,0,0,0,0
DT1.3,PR,BE,MC,I,,0,110,0,0,110,0,0,110,0,0,110,0,0,0,0,0,0,0,0,0,0
DT1.3,NIC,BE,MC,I,,-20,-20,-20,-20,-20,-20,-20,-20,-20,-20,-20,-20,0,0,0,0,0,0,0,0,0
DT1.3,,CU,MC,I,,-10,-5,-5,-5,-5,-5,-5,-5,-5,-5,-5,-3,0,0,0,0,0,0,0,0,0
DT1.3,,RA,MC,I,,-2,-2,-2,-2,-2,-2,-2,-2,-2,-2,-2,-2,0,0,0,0,0,0,0,0,0
DT1.3,PR,BE,BOP,N,,0,10,0,0,10,0,0,10,0,0,10,0,0,0,0,0,0,0,0,0,0
DT1.3,ICO,BE,BOP,N,,-1,-1,-1,-1,-1,-1,-1,-1,-1,-1,-1,-1,0,0,0,0,0,0,0,0,0
DT1.3,NIC,BE,BOP,N,,-4,-4,-4,-4,-4,-4,-4,-4,-4,-4,-4,-4,0,0,0,0,0,0,0,0,0
DT1.3,,RA,BOP,N,,-1,-1,-1,-1,-1,-1,-1,-1,-1,-1,-1,-1,0,0,0,0,0,0,0,0,0
DT1.3,PR,BE,EV,N,,0,5,0,0,5,0,0,5,0,0,5,0,0,0,0,0,0,0,0,0,0
DT1.3,ICO,BE,EV,N,,-1,-1,-1,-1,-1,-1,-1,-1,-1,-1,-1,-1,0,0,0,0,0,0,0,0,0
DT1.3,NIC,BE,EV,N,,-9,-9,-9,-9,-9,-9,-9,-9,-9,-9,-9,-9,0,0,0,0,0,0,0,0,0
DT1.3,,RA,EV,N,,-0.5,-0.5,-0.5,-0.5,-0.5,-0.5,-0.5,-0.5,-0.5,-0.5,-0.5,-0.5,0,0,0,0,0,0,0,0,0
DT1.3,PR,BE,CL,C,,0,115,0,0,115,0,0,115,0,0,115,0,0,0,0,0,0,0,0,0,0
DT1.3,ICO,BE,CL,C,,-1,-1,-1,-1,-1,-1,-1,-1,-1,-1,-1,-1,0,0,0,0,0,0,0,0,0
DT1.3,NIC,BE,CL,C,,-29,-29,-29,-29,-29,-29,-29,-29,-29,-29,-29,-29,0,0,0,0,0,0,0,0,0
DT1.3,,CU,CL,C,,-15,-7,-7,-7,-7,-7,-7,-7,-7,-7,-7,-5,0,0,0,0,0,0,0,0,0
DT1.3,,RA,CL,C,,-2.5,-2.5,-2.5,-2.5,-2.5,-2.5,-2.5,-2.5,-2.5,-2.5,-2.5,-2.5,0,0,0,0,0,0,0,0,0
DT2.1,PR,BE,MC,I,,0,110,0,0,110,0,0,110,0,0,110,0,0,0,0,0,0,0,0,0,0
DT2.1,NIC,BE,MC,I,,-20,-20,-20,-20,-20,-20,-20,-20,-20,-20,-20,-20,0,0,0,0,0,0,0,0,0
DT2.1,,CU,MC,I,,-10,-5,-5,-5,-5,-5,-5,-5,-5,-5,-5,-3,0,0,0,0,0,0,0,0,0
DT2.1,,RA,MC,I,,-2,-2,-2,-2,-2,-2,-2,-2,-2,-2,-2,-2,0,0,0,0,0,0,0,0,0
DT2.1,PR,BE,BOP,N,,0,10,0,0,10,0,0,10,0,0,10,0,0,0,0,0,0,0,0,0,0
DT2.1,ICO,BE,BOP,N,,-1,-1,-1,-1,-1,-1,-1,-1,-1,-1,-1,-1,0,0,0,0,0,0,0,0,0
DT2.1,NIC,BE,BOP,N,,-4,-4,-4,-4,-4,-4,-4,-4,-4,-4,-4,-4,0,0,0,0,0,0,0,0,0
DT2.1,,RA,BOP,N,,-1,-1,-1,-1,-1,-1,-1,-1,-1,-1,-1,-1,0,0,0,0,0,0,0,0,0
DT2.1,PR,BE,EV,N,,0,5,0,0,5,0,0,5,0,0,5,0,0,0,0,0,0,0,0,0,0
DT2.1,ICO,BE,EV,N,,-1,-1,-1,-1,-1,-1,-1,-1,-1,-1,-1,-1,0,0,0,0,0,0,0,0,0
DT2.1,NIC,BE,EV,N,,-9,-9,-9,-9,-9,-9,-9,-9,-9,-9,-9,-9,0,0,0,0,0,0,0,0,0
DT2.1,,RA,EV,N,,-0.5,-0.5,-0.5,-0.5,-0.5,-0.5,-0.5,-0.5,-0.5,-0.5,-0.5,-0.5,0,0,0,0,0,0,0,0,0
DT2.1,PR,BE,CL,C,,0,115,0,0,115,0,0,115,0,0,115,0,0,0,0,0,0,0,0,0,0
DT2.1,ICO,BE,CL,C,,-1,-1,-1,-1,-1,-1,-1,-1,-1,-1,-1,-1,0,0,0,0,0,0,0,0,0
DT2.1,NIC,BE,CL,C,,-29,-29,-29,-29,-29,-29,-29,-29,-29,-29,-29,-29,0,0,0,0,0,0,0,0,0
DT2.1,,CU,CL,C,,-15,-7,-7,-7,-7,-7,-7,-7,-7,-7,-7,-5,0,0,0,0,0,0,0,0,0
DT2.1,,RA,CL,C,,-2.5,-2.5,-2.5,-2.5,-2.5,-2.5,-2.5,-2.5,-2.5,-2.5,-2.5,-2.5,0,0,0,0,0,0,0,0,0
DT2.2,NIC,BE,MC,I,2020,-20,-20,-20,-20,-20,-20,-20,-20,-20,-20,-20,-20,0,0,0,0,0,0,0,0,0
DT2.2,,CU,MC,I,2020,-10,-5,-5,-5,-5,-5,-5,-5,-5,-5,-5,-3,0,0,0,0,0,0,0,0,0
DT2.2,,RA,MC,I,2020,-2,-2,-2,-2,-2,-2,-2,-2,-2,-2,-2,-2,0,0,0,0,0,0,0,0,0
DT2.2,NIC,BE,BOP,N,2020,-5,-5,-5,-5,-5,-5,-5,-5,-5,-5,-5,-5,0,0,0,0,0,0,0,0,0
DT2.2,,RA,BOP,N,2020,-1,-1,-1,-1,-1,-1,-1,-1,-1,-1,-1,-1,0,0,0,0,0,0,0,0,0
DT2.2,NIC,BE,EV,N,2020,-10,-10,-10,-10,-10,-10,-10,-10,-10,-10,-10,-10,0,0,0,0,0,0,0,0,0
DT2.2,,RA,EV,N,2020,-0.5,-0.5,-0.5,-0.5,-0.5,-0.5,-0.5,-0.5,-0.5,-0.5,-0.5,-0.5,0,0,0,0,0,0,0,0,0
DT2.2,NIC,BE,CL,C,2020,-30,-30,-30,-30,-30,-30,-30,-30,-30,-30,-30,-30,0,0,0,0,0,0,0,0,0
DT2.2,,CU,CL,C,2020,-15,-7,-7,-7,-7,-7,-7,-7,-7,-7,-7,-5,0,0,0,0,0,0,0,0,0
DT2.2,,RA,CL,C,2020,-2.5,-2.5,-2.5,-2.5,-2.5,-2.5,-2.5,-2.5,-2.5,-2.5,-2.5,-2.5,0,0,0,0,0,0,0,0,0
DTR1.1,PR,BE,MC,I,,0,-55,0,0,-55,0,0,-55,0,0,-55,0,0,0,0,0,0,0,0,0,0
DTR1.1,NIC,BE,MC,I,,10,10,10,10,10,10,10,10,10,10,10,10,0,0,0,0,0,0,0,0,0
DTR1.1,,CU,MC,I,,-5,-2.5,-2.5,-2.5,-2.5,-2.5,-2.5,-2.5,-2.5,-2.5,-2.5,-1.5,0,0,0,0,0,0,0,0,0
DTR1.1,,RA,MC,I,,1,1,1,1,1,1,1,1,1,1,1,1,0,0,0,0,0,0,0,0,0
DTR1.1,PR,BE,BOP,N,,0,-5,0,0,-5,0,0,-5,0,0,-5,0,0,0,0,0,0,0,0,0,0
DTR1.1,NIC,BE,BOP,N,,2.5,2.5,2.5,2.5,2.5,2.5,2.5,2.5,2.5,2.5,2.5,2.5,0,0,0,0,0,0,0,0,0
DTR1.1,,RA,BOP,N,,0.5,0.5,0.5,0.5,0.5,0.5,0.5,0.5,0.5,0.5,0.5,0.5,0,0,0,0,0,0,0,0,0
DTR1.1,PR,BE,EV,N,,0,-2.5,0,0,-2.5,0,0,-2.5,0,0,-2.5,0,0,0,0,0,0,0,0,0,0
DTR1.1,NIC,BE,EV,N,,5,5,5,5,5,5,5,5,5,5,5,5,0,0,0,0,0,0,0,0,0
DTR1.1,,RA,EV,N,,0.25,0.25,0.25,0.25,0.25,0.25,0.25,0.25,0.25,0.25,0.25,0.25,0,0,0,0,0,0,0,0,0
DTR1.1,PR,BE,CL,C,,0,-57.5,0,0,-57.5,0,0,-57.5,0,0,-57.5,0,0,0,0,0,0,0,0,0,0
DTR1.1,NIC,BE,CL,C,,15,15,15,15,15,15,15,15,15,15,15,15,0,0,0,0,0,0,0,0,0
DTR1.1,,CU,CL,C,,-7.5,-3.5,-3.5,-3.5,-3.5,-3.5,-3.5,-3.5,-3.5,-3.5,-3.5,-2.5,0,0,0,0,0,0,0,0,0
DTR1.1,,RA,CL,C,,1.25,1.25,1.25,1.25,1.25,1.25,1.25,1.25,1.25,1.25,1.25,1.25,0,0,0,0,0,0,0,0,0
DTR1.2,NIC,BE,MC,I,2020,10,10,10,10,10,10,10,10,10,10,10,10,0,0,0,0,0,0,0,0,0
DTR1.2,,CU,MC,I,2020,-5,-2.5,-2.5,-2.5,-2.5,-2.5,-2.5,-2.5,-2.5,-2.5,-2.5,-1.5,0,0,0,0,0,0,0,0,0
DTR1.2,,RA,MC,I,2020,1,1,1,1,1,1,1,1,1,1,1,1,0,0,0,0,0,0,0,0,0
DTR1.2,NIC,BE,BOP,N,2020,2.5,2.5,2.5,2.5,2.5,2.5,2.5,2.5,2.5,2.5,2.5,2.5,0,0,0,0,0,0,0,0,0
DTR1.2,,RA,BOP,N,2020,0.5,0.5,0.5,0.5,0.5,0.5,0.5,0.5,0.5,0.5,0.5,0.5,0,0,0,0,0,0,0,0,0
DTR1.2,NIC,BE,EV,N,2020,5,5,5,5,5,5,5,5,5,5,5,5,0,0,0,0,0,0,0,0,0
DTR1.2,,RA,EV,N,2020,0.25,0.25,0.25,0.25,0.25,0.25,0.25,0.25,0.25,0.25,0.25,0.25,0,0,0,0,0,0,0,0,0
DTR1.2,NIC,BE,CL,C,2020,15,15,15,15,15,15,15,15,15,15,15,15,0,0,0,0,0,0,0,0,0
DTR1.2,,CU,CL,C,2020,-7.5,-3.5,-3.5,-3.5,-3.5,-3.5,-3.5,-3.5,-3.5,-3.5,-3.5,-2.5,0,0,0,0,0,0,0,0,0
DTR1.2,,RA,CL,C,2020,1.25,1.25,1.25,1.25,1.25,1.25,1.25,1.25,1.25,1.25,1.25,1.25,0,0,0,0,0,0,0,0,0
DTR2.1,PR,BE,MC,I,,0,-55,0,0,-55,0,0,-55,0,0,-55,0,0,0,0,0,0,0,0,0,0
DTR2.1,NIC,BE,MC,I,,10,10,10,10,10,10,10,10,10,10,10,10,0,0,0,0,0,0,0,0,0
DTR2.1,,CU,MC,I,,-5,-2.5,-2.5,-2.5,-2.5,-2.5,-2.5,-2.5,-2.5,-2.5,-2.5,-1.5,0,0,0,0,0,0,0,0,0
DTR2.1,,RA,MC,I,,1,1,1,1,1,1,1,1,1,1,1,1,0,0,0,0,0,0,0,0,0
DTR2.1,PR,BE,BOP,N,,0,-5,0,0,-5,0,0,-5,0,0,-5,0,0,0,0,0,0,0,0,0,0
DTR2.1,NIC,BE,BOP,N,,2.5,2.5,2.5,2.5,2.5,2.5,2.5,2.5,2.5,2.5,2.5,2.5,0,0,0,0,0,0,0,0,0
DTR2.1,,RA,BOP,N,,0.5,0.5,0.5,0.5,0.5,0.5,0.5,0.5,0.5,0.5,0.5,0.5,0,0,0,0,0,0,0,0,0
DTR2.1,PR,BE,EV,N,,0,-2.5,0,0,-2.5,0,0,-2.5,0,0,-2.5,0,0,0,0,0,0,0,0,0,0
DTR2.1,NIC,BE,EV,N,,5,5,5,5,5,5,5,5,5,5,5,5,0,0,0,0,0,0,0,0,0
DTR2.1,,RA,EV,N,,0.25,0.25,0.25,0.25,0.25,0.25,0.25,0.25,0.25,0.25,0.25,0.25,0,0,0,0,0,0,0,0,0
DTR2.1,PR,BE,CL,C,,0,-57.5,0,0,-57.5,0,0,-57.5,0,0,-57.5,0,0,0,0,0,0,0,0,0,0
DTR2.1,NIC,BE,CL,C,,15,15,15,15,15,15,15,15,15,15,15,15,0,0,0,0,0,0,0,0,0
DTR2.1,,CU,CL,C,,-7.5,-3.5,-3.5,-3.5,-3.5,-3.5,-3.5,-3.5,-3.5,-3.5,-3.5,-2.5,0,0,0,0,0,0,0,0,0
DTR2.1,,RA,CL,C,,1.25,1.25,1.25,1.25,1.25,1.25,1.25,1.25,1.25,1.25,1.25,1.25,0,0,0,0,0,0,0,0,0
DTR2.2,NIC,BE,MC,I,2020,10,10,10,10,10,10,10,10,10,10,10,10,0,0,0,0,0,0,0,0,0
DTR2.2,,CU,MC,I,2020,-5,-2.5,-2.5,-2.5,-2.5,-2.5,-2.5,-2.5,-2.5,-2.5,-2.5,-1.5,0,0,0,0,0,0,0,0,0
DTR2.2,,RA,MC,I,2020,1,1,1,1,1,1,1,1,1,1,1,1,0,0,0,0,0,0,0,0,0
DTR2.2,NIC,BE,BOP,N,2020,2.5,2.5,2.5,2.5,2.5,2.5,2.5,2.5,2.5,2.5,2.5,2.5,0,0,0,0,0,0,0,0,0
DTR2.2,,RA,BOP,N,2020,0.5,0.5,0.5,0.5,0.5,0.5,0.5,0.5,0.5,0.5,0.5,0.5,0,0,0,0,0,0,0,0,0
DTR2.2,NIC,BE,EV,N,2020,5,5,5,5,5,5,5,5,5,5,5,5,0,0,0,0,0,0,0,0,0
DTR2.2,,RA,EV,N,2020,0.25,0.25,0.25,0.25,0.25,0.25,0.25,0.25,0.25,0.25,0.25,0.25,0,0,0,0,0,0,0,0,0
DTR2.2,NIC,BE,CL,C,2020,15,15,15,15,15,15,15,15,15,15,15,15,0,0,0,0,0,0,0,0,0
DTR2.2,,CU,CL,C,2020,-7.5,-3.5,-3.5,-3.5,-3.5,-3.5,-3.5,-3.5,-3.5,-3.5,-3.5,-2.5,0,0,0,0,0,0,0,0,0
DTR2.2,,RA,CL,C,2020,1.25,1.25,1.25,1.25,1.25,1.25,1.25,1.25,1.25,1.25,1.25,1.25,0,0,0,0,0,0,0,0,0
DT3.1,PR,BE,MC,I,,0,110,0,0,110,0,0,110,0,0,110,0,0,0,0,0,0,0,0,0,0
DT3.1,NIC,BE,MC,I,,-20,-20,-20,-20,-20,-20,-20,-20,-20,-20,-20,-20,0,0,0,0,0,0,0,0,0
DT3.1,,CU,MC,I,,-10,-5,-5,-5,-5,-5,-5,-5,-5,-5,-5,-3,0,0,0,0,0,0,0,0,0
DT3.1,,RA,MC,I,,-2,-2,-2,-2,-2,-2,-2,-2,-2,-2,-2,-2,0,0,0,0,0,0,0,0,0
DT3.1,PR,BE,BOP,N,,0,10,0,0,10,0,0,10,0,0,10,0,0,0,0,0,0,0,0,0,0
DT3.1,ICO,BE,BOP,N,,-1,-1,-1,-1,-1,-1,-1,-1,-1,-1,-1,-1,0,0,0,0,0,0,0,0,0
DT3.1,NIC,BE,BOP,N,,-4,-4,-4,-4,-4,-4,-4,-4,-4,-4,-4,-4,0,0,0,0,0,0,0,0,0
DT3.1,,RA,BOP,N,,-1,-1,-1,-1,-1,-1,-1,-1,-1,-1,-1,-1,0,0,0,0,0,0,0,0,0
DT3.1,PR,BE,EV,N,,0,5,0,0,5,0,0,5,0,0,5,0,0,0,0,0,0,0,0,0,0
DT3.1,ICO,BE,EV,N,,-1,-1,-1,-1,-1,-1,-1,-1,-1,-1,-1,-1,0,0,0,0,0,0,0,0,0
DT3.1,NIC,BE,EV,N,,-9,-9,-9,-9,-9,-9,-9,-9,-9,-9,-9,-9,0,0,0,0,0,0,0,0,0
DT3.1,,RA,EV,N,,-0.5,-0.5,-0.5,-0.5,-0.5,-0.5,-0.5,-0.5,-0.5,-0.5,-0.5,-0.5,0,0,0,0,0,0,0,0,0
DT3.1,PR,BE,CL,C,,0,0,0,0,0,0,0,0,0,0,0,0,0,0,0,0,0,0,0,0,0
DT3.1,ICO,BE,CL,C,,0,0,0,0,0,0,0,0,0,0,0,0,0,0,0,0,0,0,0,0,0
DT3.1,NIC,BE,CL,C,,0,0,0,0,0,0,0,0,0,0,0,0,0,0,0,0,0,0,0,0,0
DT3.1,,CU,CL,C,,0,0,0,0,0,0,0,0,0,0,0,0,0,0,0,0,0,0,0,0,0
DT3.1,,RA,CL,C,,0,0,0,0,0,0,0,0,0,0,0,0,0,0,0,0,0,0,0,0,0
DT4.1,PR,BE,MC,I,,0,110,0,0,110,0,0,110,0,0,110,0,0,0,0,0,0,0,0,0,0
DT4.1,NIC,BE,MC,I,,-20,-20,-20,-20,-20,-20,-20,-20,-20,-20,-20,-20,0,0,0,0,0,0,0,0,0
DT4.1,,CU,MC,I,,-10,-5,-5,-5,-5,-5,-5,-5,-5,-5,-5,-3,0,0,0,0,0,0,0,0,0
DT4.1,,RA,MC,I,,-2,-2,-2,-2,-2,-2,-2,-2,-2,-2,-2,-2,0,0,0,0,0,0,0,0,0
DT4.1,PR,BE,BOP,N,,0,20,0,0,20,0,0,20,0,0,20,0,0,0,0,0,0,0,0,0,0
DT4.1,ICO,BE,BOP,N,,-1,-1,-1,-1,-1,-1,-1,-1,-1,-1,-1,-1,0,0,0,0,0,0,0,0,0
DT4.1,NIC,BE,BOP,N,,-4,-4,-4,-4,-4,-4,-4,-4,-4,-4,-4,-4,0,0,0,0,0,0,0,0,0
DT4.1,,RA,BOP,N,,-1,-1,-1,-1,-1,-1,-1,-1,-1,-1,-1,-1,0,0,0,0,0,0,0,0,0
DT4.1,PR,BE,EV,N,,0,33,0,0,33,0,0,33,0,0,33,0,0,0,0,0,0,0,0,0,0
DT4.1,ICO,BE,EV,N,,-1,-1,-1,-1,-1,-1,-1,-1,-1,-1,-1,-1,0,0,0,0,0,0,0,0,0
DT4.1,NIC,BE,EV,N,,-9,-9,-9,-9,-9,-9,-9,-9,-9,-9,-9,-9,0,0,0,0,0,0,0,0,0
DT4.1,,RA,EV,N,,-0.5,-0.5,-0.5,-0.5,-0.5,-0.5,-0.5,-0.5,-0.5,-0.5,-0.5,-0.5,0,0,0,0,0,0,0,0,0
DT4.1,PR,BE,CL,C,,0,143,0,0,143,0,0,143,0,0,143,0,0,0,0,0,0,0,0,0,0
DT4.1,ICO,BE,CL,C,,-1,-1,-1,-1,-1,-1,-1,-1,-1,-1,-1,-1,0,0,0,0,0,0,0,0,0
DT4.1,NIC,BE,CL,C,,-29,-29,-29,-29,-29,-29,-29,-29,-29,-29,-29,-29,0,0,0,0,0,0,0,0,0
DT4.1,,CU,CL,C,,-15,-7,-7,-7,-7,-7,-7,-7,-7,-7,-7,-5,0,0,0,0,0,0,0,0,0
DT4.1,,RA,CL,C,,-2.5,-2.5,-2.5,-2.5,-2.5,-2.5,-2.5,-2.5,-2.5,-2.5,-2.5,-2.5,0,0,0,0,0,0,0,0,0
DT1.4,PR,BE,MC,I,,0,110,0,0,110,0,0,110,0,0,110,0,0,0,0,0,0,0,0,0,0
DT1.4,NIC,BE,MC,I,,-20,-20,-20,-20,-20,-20,-20,-20,-20,-20,-20,-20,0,0,0,0,0,0,0,0,0
DT1.4,,CU,MC,I,,-10,-5,-5,-5,-5,-5,-5,-5,-5,-5,-5,-3,0,0,0,0,0,0,0,0,0
DT1.4,,RA,MC,I,,-2,-2,-2,-2,-2,-2,-2,-2,-2,-2,-2,-2,0,0,0,0,0,0,0,0,0
DT1.4,PR,BE,BOP,N,,0,10,0,0,10,0,0,10,0,0,10,0,0,0,0,0,0,0,0,0,0
DT1.4,ICO,BE,BOP,N,,-1,-1,-1,-1,-1,-1,-1,-1,-1,-1,-1,-1,0,0,0,0,0,0,0,0,0
DT1.4,NIC,BE,BOP,N,,-4,-4,-4,-4,-4,-4,-4,-4,-4,-4,-4,-4,0,0,0,0,0,0,0,0,0
DT1.4,,RA,BOP,N,,-1,-1,-1,-1,-1,-1,-1,-1,-1,-1,-1,-1,0,0,0,0,0,0,0,0,0
DT1.4,PR,BE,EV,N,,0,5,0,0,5,0,0,5,0,0,5,0,0,0,0,0,0,0,0,0,0
DT1.4,ICO,BE,EV,N,,-1,-1,-1,-1,-1,-1,-1,-1,-1,-1,-1,-1,0,0,0,0,0,0,0,0,0
DT1.4,NIC,BE,EV,N,,-9,-9,-9,-9,-9,-9,-9,-9,-9,-9,-9,-9,0,0,0,0,0,0,0,0,0
DT1.4,,RA,EV,N,,-0.5,-0.5,-0.5,-0.5,-0.5,-0.5,-0.5,-0.5,-0.5,-0.5,-0.5,-0.5,0,0,0,0,0,0,0,0,0
DT1.4,PR,BE,CL,C,,0,115,0,0,115,0,0,115,0,0,115,0,0,0,0,0,0,0,0,0,0
DT1.4,ICO,BE,CL,C,,-1,-1,-1,-1,-1,-1,-1,-1,-1,-1,-1,-1,0,0,0,0,0,0,0,0,0
DT1.4,NIC,BE,CL,C,,-29,-29,-29,-29,-29,-29,-29,-29,-29,-29,-29,-29,0,0,0,0,0,0,0,0,0
DT1.4,,CU,CL,C,,-15,-7,-7,-7,-7,-7,-7,-7,-7,-7,-7,-5,0,0,0,0,0,0,0,0,0
DT1.4,,RA,CL,C,,-2.5,-2.5,-2.5,-2.5,-2.5,-2.5,-2.5,-2.5,-2.5,-2.5,-2.5,-2.5,0,0,0,0,0,0,0,0,0
DT1.5,PR,BE,MC,I,,0,110,0,0,110,0,0,110,0,0,110,0,0,0,0,0,0,0,0,0,0
DT1.5,NIC,BE,MC,I,,-20,-20,-20,-20,-20,-20,-20,-20,-20,-20,-20,-20,0,0,0,0,0,0,0,0,0
DT1.5,,CU,MC,I,,-10,-5,-5,-5,-5,-5,-5,-5,-5,-5,-5,-3,0,0,0,0,0,0,0,0,0
DT1.5,,RA,MC,I,,-2,-2,-2,-2,-2,-2,-2,-2,-2,-2,-2,-2,0,0,0,0,0,0,0,0,0
DT1.5,PR,BE,BOP,N,,0,10,0,0,10,0,0,10,0,0,10,0,0,0,0,0,0,0,0,0,0
DT1.5,ICO,BE,BOP,N,,-1,-1,-1,-1,-1,-1,-1,-1,-1,-1,-1,-1,0,0,0,0,0,0,0,0,0
DT1.5,NIC,BE,BOP,N,,-4,-4,-4,-4,-4,-4,-4,-4,-4,-4,-4,-4,0,0,0,0,0,0,0,0,0
DT1.5,,RA,BOP,N,,-1,-1,-1,-1,-1,-1,-1,-1,-1,-1,-1,-1,0,0,0,0,0,0,0,0,0
DT1.5,PR,BE,EV,N,,0,5,0,0,5,0,0,5,0,0,5,0,0,0,0,0,0,0,0,0,0
DT1.5,ICO,BE,EV,N,,-1,-1,-1,-1,-1,-1,-1,-1,-1,-1,-1,-1,0,0,0,0,0,0,0,0,0
DT1.5,NIC,BE,EV,N,,-9,-9,-9,-9,-9,-9,-9,-9,-9,-9,-9,-9,0,0,0,0,0,0,0,0,0
DT1.5,,RA,EV,N,,-0.5,-0.5,-0.5,-0.5,-0.5,-0.5,-0.5,-0.5,-0.5,-0.5,-0.5,-0.5,0,0,0,0,0,0,0,0,0
DT1.5,PR,BE,CL,C,,0,115,0,0,115,0,0,115,0,0,115,0,0,0,0,0,0,0,0,0,0
DT1.5,ICO,BE,CL,C,,-1,-1,-1,-1,-1,-1,-1,-1,-1,-1,-1,-1,0,0,0,0,0,0,0,0,0
DT1.5,NIC,BE,CL,C,,-29,-29,-29,-29,-29,-29,-29,-29,-29,-29,-29,-29,0,0,0,0,0,0,0,0,0
DT1.5,,CU,CL,C,,-15,-7,-7,-7,-7,-7,-7,-7,-7,-7,-7,-5,0,0,0,0,0,0,0,0,0
DT1.5,,RA,CL,C,,-2.5,-2.5,-2.5,-2.5,-2.5,-2.5,-2.5,-2.5,-2.5,-2.5,-2.5,-2.5,0,0,0,0,0,0,0,0,0
DTR1.3,PR,BE,MC,I,,0,-55,0,0,-55,0,0,-55,0,0,-55,0,0,0,0,0,0,0,0,0,0
DTR1.3,NIC,BE,MC,I,,10,10,10,10,10,10,10,10,10,10,10,10,0,0,0,0,0,0,0,0,0
DTR1.3,,CU,MC,I,,-5,-2.5,-2.5,-2.5,-2.5,-2.5,-2.5,-2.5,-2.5,-2.5,-2.5,-1.5,0,0,0,0,0,0,0,0,0
DTR1.3,,RA,MC,I,,1,1,1,1,1,1,1,1,1,1,1,1,0,0,0,0,0,0,0,0,0
DTR1.3,PR,BE,BOP,N,,0,-5,0,0,-5,0,0,-5,0,0,-5,0,0,0,0,0,0,0,0,0,0
DTR1.3,NIC,BE,BOP,N,,2.5,2.5,2.5,2.5,2.5,2.5,2.5,2.5,2.5,2.5,2.5,2.5,0,0,0,0,0,0,0,0,0
DTR1.3,,RA,BOP,N,,0.5,0.5,0.5,0.5,0.5,0.5,0.5,0.5,0.5,0.5,0.5,0.5,0,0,0,0,0,0,0,0,0
DTR1.3,PR,BE,EV,N,,0,-2.5,0,0,-2.5,0,0,-2.5,0,0,-2.5,0,0,0,0,0,0,0,0,0,0
DTR1.3,NIC,BE,EV,N,,5,5,5,5,5,5,5,5,5,5,5,5,0,0,0,0,0,0,0,0,0
DTR1.3,,RA,EV,N,,0.25,0.25,0.25,0.25,0.25,0.25,0.25,0.25,0.25,0.25,0.25,0.25,0,0,0,0,0,0,0,0,0
DTR1.3,PR,BE,CL,C,,0,-57.5,0,0,-57.5,0,0,-57.5,0,0,-57.5,0,0,0,0,0,0,0,0,0,0
DTR1.3,NIC,BE,CL,C,,15,15,15,15,15,15,15,15,15,15,15,15,0,0,0,0,0,0,0,0,0
DTR1.3,,CU,CL,C,,-7.5,-3.5,-3.5,-3.5,-3.5,-3.5,-3.5,-3.5,-3.5,-3.5,-3.5,-2.5,0,0,0,0,0,0,0,0,0
DTR1.3,,RA,CL,C,,1.25,1.25,1.25,1.25,1.25,1.25,1.25,1.25,1.25,1.25,1.25,1.25,0,0,0,0,0,0,0,0,0
DTR1.4,PR,BE,MC,I,,0,-55,0,0,-55,0,0,-55,0,0,-55,0,0,0,0,0,0,0,0,0,0
DTR1.4,NIC,BE,MC,I,,10,10,10,10,10,10,10,10,10,10,10,10,0,0,0,0,0,0,0,0,0
DTR1.4,,CU,MC,I,,-5,-2.5,-2.5,-2.5,-2.5,-2.5,-2.5,-2.5,-2.5,-2.5,-2.5,-1.5,0,0,0,0,0,0,0,0,0
DTR1.4,,RA,MC,I,,1,1,1,1,1,1,1,1,1,1,1,1,0,0,0,0,0,0,0,0,0
DTR1.4,PR,BE,BOP,N,,0,-5,0,0,-5,0,0,-5,0,0,-5,0,0,0,0,0,0,0,0,0,0
DTR1.4,NIC,BE,BOP,N,,2.5,2.5,2.5,2.5,2.5,2.5,2.5,2.5,2.5,2.5,2.5,2.5,0,0,0,0,0,0,0,0,0
DTR1.4,,RA,BOP,N,,0.5,0.5,0.5,0.5,0.5,0.5,0.5,0.5,0.5,0.5,0.5,0.5,0,0,0,0,0,0,0,0,0
DTR1.4,PR,BE,EV,N,,0,-2.5,0,0,-2.5,0,0,-2.5,0,0,-2.5,0,0,0,0,0,0,0,0,0,0
DTR1.4,NIC,BE,EV,N,,5,5,5,5,5,5,5,5,5,5,5,5,0,0,0,0,0,0,0,0,0
DTR1.4,,RA,EV,N,,0.25,0.25,0.25,0.25,0.25,0.25,0.25,0.25,0.25,0.25,0.25,0.25,0,0,0,0,0,0,0,0,0
DTR1.4,PR,BE,CL,C,,0,-57.5,0,0,-57.5,0,0,-57.5,0,0,-57.5,0,0,0,0,0,0,0,0,0,0
DTR1.4,NIC,BE,CL,C,,15,15,15,15,15,15,15,15,15,15,15,15,0,0,0,0,0,0,0,0,0
DTR1.4,,CU,CL,C,,-7.5,-3.5,-3.5,-3.5,-3.5,-3.5,-3.5,-3.5,-3.5,-3.5,-3.5,-2.5,0,0,0,0,0,0,0,0,0
DTR1.4,,RA,CL,C,,1.25,1.25,1.25,1.25,1.25,1.25,1.25,1.25,1.25,1.25,1.25,1.25,0,0,0,0,0,0,0,0,0
